neo_reference_id,name,absolute_magnitude_h,is_potentially_hazardous,estimated_diameter_km_min,estimated_diameter_km_max,estimated_diameter_km_mean,albedo_estimated,type_from_albedo,density_assumed_kg_m3,mass_min_kg,mass_max_kg,impact_energy_min_Mt,impact_energy_max_Mt,orbital.a_au,orbital.e,orbital.i_deg,orbital.period_days,close_approach.close_approach_date,close_approach.relative_velocity_kms,close_approach.miss_distance_km,close_approach.orbiting_body,nasa_jpl_url,sentry_object
2000433,433 Eros (A898 PA),10.39,False,22.2103282246,49.6638037128,35.9370659687,0.09549150281237834,S-like,3000,1.7210155995251232e+16,1.924153935439281e+17,594375607.3885763,6645321311.4478035,1.458120998474684,0.2228359407071628,10.82846651399785,643.1151986547006,1900-Dec-27 01:30,5.5786191875,47112732.928149395,Earth,https://ssd.jpl.nasa.gov/tools/sbdb_lookup.html#/?sstr=2000433,False
2000719,719 Albert (A911 TB),15.59,False,2.0256060086,4.529392731,3.2774993698,0.09549150281297746,S-like,3000,13055238399808.666,145962002635566.5,450880.0068767572,5040991.725822026,2.636590391941703,0.5465958092029042,11.57311098334763,1563.732363502774,1909-Aug-21 15:04,3.446029003,255628984.35594097,Juptr,https://ssd.jpl.nasa.gov/tools/sbdb_lookup.html#/?sstr=2000719,False
2000887,887 Alinda (A918 AA),13.81,False,4.5978518828,10.2811093604,7.4394806216,0.09549150281247416,S-like,3000,152680933593329.53,1707024731906013.0,5273038.935046873,58954367.53356092,2.473628777430923,0.5711699794580067,9.400059832996321,1421.020077023541,1974-Jan-04 05:00,7.095973685,20461808.70383613,Earth,https://ssd.jpl.nasa.gov/tools/sbdb_lookup.html#/?sstr=2000887,False
2001036,1036 Ganymed (A924 UB),9.18,False,38.7752830381,86.70416872,62.73972587905,0.09549150281259773,S-like,3000,9.157666148313213e+16,1.0238582011443409e+18,3162721697.971461,35360303552.905655,2.664968845591078,0.5332132811746609,26.68073583401131,1589.046592572039,1910-Feb-25 08:36,6.3038664111,292651826.17328167,Juptr,https://ssd.jpl.nasa.gov/tools/sbdb_lookup.html#/?sstr=2001036,False
2001221,1221 Amor (1932 EA1),17.37,False,0.8923905787,1.9954459964,1.44391828755,0.09549150280703236,S-like,3000,1116309978682.101,12480724980467.309,38553.248546740826,431038.4224850684,1.919831260906931,0.4346323375284623,11.86882308811668,971.6123255674621,1908-Mar-14 13:14,10.7701740589,27512874.49403824,Earth,https://ssd.jpl.nasa.gov/tools/sbdb_lookup.html#/?sstr=2001221,False
2001566,1566 Icarus (1949 MA),16.53,True,1.313877806,2.9379200884,2.1258989472,0.09549150281162366,S-like,3000,3562745554395.3467,39832706233082.18,123044.15215347218,1375675.4423232253,1.078037837567316,0.8270056908369543,22.8032205675089,408.8362849142513,1902-Jun-11 20:20,27.0080561011,12638658.792139495,Earth,https://ssd.jpl.nasa.gov/tools/sbdb_lookup.html#/?sstr=2001566,False
2001580,1580 Betulia (1950 KA),14.61,False,3.1809363322,7.1127898709,5.14686310155,0.09549150281337007,S-like,3000,50557408768863.04,565249013867572.8,1746067.2961521773,19521625.837443657,2.194974308440443,0.4876044837929096,52.18785378448241,1187.797997697407,1929-Jun-09 14:54,11.3576547268,276689988.3291326,Juptr,https://ssd.jpl.nasa.gov/tools/sbdb_lookup.html#/?sstr=2001580,False
2001620,1620 Geographos (1951 RA),15.27,True,2.3472263753,5.2485577338,3.79789205455,0.0954915028123205,S-like,3000,20313502263617.95,227111859619058.53,701553.794716251,7843609.874510985,1.245776928208696,0.3355121972702519,13.33579272082793,507.877358448078,1901-Aug-23 17:36,11.7628115427,5071250.986983104,Earth,https://ssd.jpl.nasa.gov/tools/sbdb_lookup.html#/?sstr=2001620,False
2001627,1627 Ivar (1929 SH),12.79,False,7.3545308935,16.4452310205,11.899880957,0.09549150281253084,S-like,3000,624862996102479.8,6986180679561611.0,21580473.933271587,241277033.5078042,1.863058085418547,0.397322884758101,8.456290877869835,928.8338191593051,1929-Jul-19 10:23,6.5498704866,24911350.809696373,Earth,https://ssd.jpl.nasa.gov/tools/sbdb_lookup.html#/?sstr=2001627,False
2001685,1685 Toro (1948 OA),14.28,False,3.7030107822,8.2801838305,5.99159730635,0.09549150281262947,S-like,3000,79759937839808.17,891743214482672.4,2754615.444037352,30797536.92465252,1.367838675763276,0.4360487430714525,9.381842770224067,584.3199923078618,1908-Aug-04 01:10,16.1350821461,26483636.64554235,Earth,https://ssd.jpl.nasa.gov/tools/sbdb_lookup.html#/?sstr=2001685,False
2001862,1862 Apollo (1932 HA),16.08,True,1.6164228334,3.6144313359,2.61542708465,0.09549150281111848,S-like,3000,6634142668223.525,74171969895039.5,229118.93297282493,2561627.5453712256,1.470923801399701,0.5599179930610263,6.351390019564655,651.6039225887832,1911-Jan-29 19:12,11.6407136972,9839828.72675955,Venus,https://ssd.jpl.nasa.gov/tools/sbdb_lookup.html#/?sstr=2001862,False
2001863,1863 Antinous (1948 EA),15.46,False,2.1505769,4.8088361393,3.47970651965,0.09549150281233408,S-like,3000,15623732939678.146,174678644583569.62,539586.3790113509,6032759.116234658,2.260115814011716,0.6062664652853038,18.3786511606722,1241.064828433463,1907-Oct-11 06:15,18.0795126569,13378690.522801436,Mars,https://ssd.jpl.nasa.gov/tools/sbdb_lookup.html#/?sstr=2001863,False
2001864,1864 Daedalus (1971 FA),14.84,False,2.8612445378,6.3979372868,4.6295909123,0.09549150281379902,S-like,3000,36794661071115.84,411376816826040.1,1270752.5154818927,14207445.036176577,1.46083944260189,0.614445827750087,22.21686942915609,644.9145218905528,1909-Nov-13 09:45,21.1217901741,22024825.739892863,Venus,https://ssd.jpl.nasa.gov/tools/sbdb_lookup.html#/?sstr=2001864,False
2001865,1865 Cerberus (1971 UA),16.79,False,1.1656145947,2.6063934693,1.886004032,0.09549150281098098,S-like,3000,2487624393713.446,27812486233667.523,85913.41417103082,960541.1713109362,1.079973388456046,0.4668604220257183,16.10114471946945,409.9378397400544,1905-Dec-23 15:06,20.574000903,15819539.497497234,Venus,https://ssd.jpl.nasa.gov/tools/sbdb_lookup.html#/?sstr=2001865,False
2001866,1866 Sisyphus (1972 XA),12.48,False,8.4831076189,18.9688052962,13.72595645755,0.09549150281231963,S-like,3000,958925365757503.0,1.0721111515732076e+16,33117761.795401335,370267833.17956144,1.893371942054885,0.5381206723626517,41.20631191690396,951.5953964514977,1959-Nov-17 08:31,23.0737678663,29534088.129173607,Earth,https://ssd.jpl.nasa.gov/tools/sbdb_lookup.html#/?sstr=2001866,False
2001915,1915 Quetzalcoatl (1953 EA),18.38,False,0.5604733623,1.2532565376,0.90686494995,0.0954915028047559,S-like,3000,276557096465.7167,3092002336189.482,9551.266835395807,106786.40955530117,2.544841207124704,0.5702246324910014,20.39923864931689,1482.823497768944,1906-Mar-06 00:36,15.120986141,3789658.286758657,Earth,https://ssd.jpl.nasa.gov/tools/sbdb_lookup.html#/?sstr=2001915,False
2001916,1916 Boreas (1953 RA),14.92,False,2.7577505292,6.1665176484,4.4621340888,0.0954915028129651,S-like,3000,32944643082800.234,368332307160049.4,1137787.0280747213,12720845.694222547,2.272666457349452,0.4491761651242681,12.87711754291736,1251.416797526293,,,,,https://ssd.jpl.nasa.gov/tools/sbdb_lookup.html#/?sstr=2001916,False
2001917,1917 Cuyo (1968 AA),14.38,False,3.536347843,7.907514169,5.721931006,0.09549150281230402,S-like,3000,69468001798082.484,776675871398299.1,2399169.756171826,26823533.321475673,2.149051318045439,0.505537832953689,23.95877926122077,1150.717204502686,1926-Sep-28 02:47,15.2344898243,16872242.23565602,Earth,https://ssd.jpl.nasa.gov/tools/sbdb_lookup.html#/?sstr=2001917,False
2001943,1943 Anteros (1973 EC),15.69,False,1.9344387205,4.3255364773,3.1299875989,0.09549150280986121,S-like,3000,11370637305955.652,127127589814028.78,392700.06948149897,4390520.250508403,1.430526828097187,0.2559124625873102,8.707703095034532,624.9459203582282,1937-May-28 20:45,7.2023034103,18431472.81498497,Earth,https://ssd.jpl.nasa.gov/tools/sbdb_lookup.html#/?sstr=2001943,False
2001980,1980 Tezcatlipoca (1950 LA),13.81,False,4.5978518828,10.2811093604,7.4394806216,0.09549150281247416,S-like,3000,152680933593329.53,1707024731906013.0,5273038.935046873,58954367.53356092,1.709394204644144,0.3647058342921514,26.86993780988122,816.3225014335094,,,,,https://ssd.jpl.nasa.gov/tools/sbdb_lookup.html#/?sstr=2001980,False
2001981,1981 Midas (1973 EA),15.25,True,2.3689449936,5.2971220406,3.8330335170999996,0.0954915028104419,S-like,3000,20882611400434.105,233474693189145.5,721208.7350293328,8063358.787244628,1.776271506156739,0.6504955479929404,39.82338344164565,864.6940102765044,1916-Sep-24 16:24,31.4029234455,23199847.01189949,Earth,https://ssd.jpl.nasa.gov/tools/sbdb_lookup.html#/?sstr=2001981,False
2002059,2059 Baboquivari (1963 UA),15.98,False,1.6926024946,3.7847742368,2.7386883657,0.09549150280990155,S-like,3000,7617014930392.598,85160815849179.19,263063.73265815736,2941141.9431659635,2.641826236945549,0.5315840390697194,11.02085921144213,1568.392657177185,1922-Nov-16 15:24,3.2390038886,207416502.58300328,Juptr,https://ssd.jpl.nasa.gov/tools/sbdb_lookup.html#/?sstr=2002059,False
2002061,2061 Anza (1960 UA),16.7,False,1.214940408,2.7166893409,1.96581487445,0.09549150281191814,S-like,3000,2816986766958.07,31494869513201.344,97288.3814114343,1087717.1712852758,2.265256679489302,0.5355996705135041,3.800470384812356,1245.301629481342,1943-Sep-15 21:04,6.8951216486,10260841.11471333,Earth,https://ssd.jpl.nasa.gov/tools/sbdb_lookup.html#/?sstr=2002061,False
2002062,2062 Aten (1976 AA),17.11,False,1.0059003902,2.249261651,1.6275810206,0.09549150281309433,S-like,3000,1598765643184.5974,17874743289334.19,55215.49604210668,617328.0127411068,0.9669585183960612,0.1828994504408308,18.93554263304309,347.3043255795864,1900-Jan-19 12:10,11.2688208334,18835343.845160324,Earth,https://ssd.jpl.nasa.gov/tools/sbdb_lookup.html#/?sstr=2002062,False
2002063,2063 Bacchus (1977 HB),17.21,False,0.9606274149,2.1480282008,1.55432780785,0.09549150280967855,S-like,3000,1392466664012.2705,15568250586401.846,48090.6866514754,537670.222212014,1.077998635969807,0.3494290963109118,9.434706674966163,408.8139848299297,1903-Mar-06 10:01,10.3891121599,9959874.764243582,Venus,https://ssd.jpl.nasa.gov/tools/sbdb_lookup.html#/?sstr=2002063,False
2002100,2100 Ra-Shalom (1978 RA),16.25,False,1.4947032424,3.3422580561,2.41848064925,0.09549150281067804,S-like,3000,5245474823318.493,58646191390979.14,181159.44358736192,2025424.1529628313,0.8320181324268895,0.4364952494693311,15.75891777236268,277.2028005112018,1906-Dec-24 10:46,17.9951279067,12234205.272737717,Merc,https://ssd.jpl.nasa.gov/tools/sbdb_lookup.html#/?sstr=2002100,False
2002101,2101 Adonis (1936 CA),18.69,True,0.4859090375,1.0865256386,0.7862173380499999,0.09549150280913615,S-like,3000,180212456644.84918,2014836516519.058,6223.876669498258,69585.05655760132,1.874025402823539,0.7641272866540292,1.319975555725494,937.0475666015465,1902-Jul-16 12:38,19.3298299696,28140949.153484065,Earth,https://ssd.jpl.nasa.gov/tools/sbdb_lookup.html#/?sstr=2002101,False
2002102,2102 Tantalus (1975 YA),16.0,True,1.6770846216,3.750075218,2.7135799198,0.09549150281283823,S-like,3000,7409430126279.864,82839947189976.16,255894.51559451252,2860987.659883259,1.290060970321327,0.2993501728113047,64.00515474127633,535.1971366002034,1912-Dec-23 20:32,33.9011179621,10979848.95911695,Earth,https://ssd.jpl.nasa.gov/tools/sbdb_lookup.html#/?sstr=2002102,False
2002135,2135 Aristaeus (1977 HA),18.05,True,0.6524616298,1.4589485569,1.05570509335,0.0954915028132288,S-like,3000,436299592010.079,4877977731017.467,15068.186196332794,168467.44314818928,1.599618836636408,0.5030860272069245,23.07237482818519,738.9638465947008,1958-Oct-17 01:10,27.4377860884,71380028.48041442,Earth,https://ssd.jpl.nasa.gov/tools/sbdb_lookup.html#/?sstr=2002135,False
2002201,2201 Oljato (1947 XC),15.32,True,2.29379698,5.1290859738,3.7114414769,0.095491502811219,S-like,3000,18957663352952.24,211953119750888.84,654728.0962001908,7320082.649140401,2.178656195463994,0.7107467143062985,2.521761458118109,1174.576963860742,1903-Jun-18 07:18,25.3456267744,25845171.89043248,Earth,https://ssd.jpl.nasa.gov/tools/sbdb_lookup.html#/?sstr=2002201,False
2002202,2202 Pele (1972 RA),16.98,False,1.0679599752,2.3880311019,1.7279955385499999,0.09549150281331377,S-like,3000,1913307644939.0774,21391429782558.766,66078.62205872292,738781.4540104545,2.290557728707065,0.5128652419901737,8.743188811693603,1266.223266996871,1972-Oct-07 15:58,6.4939303073,22477105.54873577,Earth,https://ssd.jpl.nasa.gov/tools/sbdb_lookup.html#/?sstr=2002202,False
2002212,2212 Hephaistos (1978 SB),13.5,False,5.3034072332,11.8587790858,8.5810931595,0.0954915028120602,S-like,3000,234306753642703.4,2619629143662385.0,8092095.10071,90472373.62791936,2.167587734333224,0.8346603402990435,11.20254821655573,1165.637347872022,1905-Mar-14 06:31,29.4211459099,17637404.07475119,Venus,https://ssd.jpl.nasa.gov/tools/sbdb_lookup.html#/?sstr=2002212,False
2002329,2329 Orthos (1976 WA),14.58,False,3.2251875645,7.2117386345,5.2184630995,0.09549150281298734,S-like,3000,52696868343715.875,589168899111833.2,1819956.3756374149,20347730.860817377,2.411309929721933,0.6533457144787127,24.46389580132772,1367.659475470262,1909-May-16 05:29,23.4239211559,72695339.82246709,Earth,https://ssd.jpl.nasa.gov/tools/sbdb_lookup.html#/?sstr=2002329,False
2002340,2340 Hathor (1976 UA),20.43,True,0.2180494405,0.4875733714,0.35281140595,0.09549150280125267,S-like,3000,16284889159.418468,182070595817.0906,562.4202876520002,6288.049975040533,0.8438608025847174,0.4499362680235325,5.860590932930383,283.1422301110497,1901-Jul-04 20:58,17.4915658691,11911205.968456928,Merc,https://ssd.jpl.nasa.gov/tools/sbdb_lookup.html#/?sstr=2002340,False
2002368,2368 Beltrovata (1977 RA),15.15,False,2.4805899315,5.5467677112,4.01367882135,0.09549150281240952,S-like,3000,23976445903957.055,268064814509816.47,828058.420918211,9257974.592893995,2.104834706033673,0.4134484087663469,5.223901688291912,1115.386595749918,,,,,https://ssd.jpl.nasa.gov/tools/sbdb_lookup.html#/?sstr=2002368,False
2002608,2608 Seneca (1978 DA),17.48,False,0.8483107619,1.8968805296,1.37259564575,0.09549150281301536,S-like,3000,958925365791.415,10721111515392.959,33117.76179657253,370267.8331678496,2.530335527305046,0.5646616075716824,14.42805445672147,1470.163366387319,1905-Mar-01 00:32,17.1348117091,25771799.401042502,Earth,https://ssd.jpl.nasa.gov/tools/sbdb_lookup.html#/?sstr=2002608,False
2003102,3102 Krok (1981 QA),16.16,False,1.5579552413,3.4836938254,2.52082453335,0.09549150281171657,S-like,3000,5939977594991.977,66410968433342.99,205145.01971231852,2293591.0465148333,2.151272661242601,0.4491904583374869,8.442557956646809,1152.501804686346,1981-Aug-25 20:23,6.127545116,29746628.24083123,Earth,https://ssd.jpl.nasa.gov/tools/sbdb_lookup.html#/?sstr=2003102,False
2003103,3103 Eger (1982 BB),15.3,False,2.3150212221,5.176544822,3.7457830220500004,0.09549150281203667,S-like,3000,19488786900245.355,217891261543538.38,673071.1537011124,7525164.266979277,1.403947223976712,0.3541837465589854,20.93071233905485,607.6095631079957,1981-Aug-03 06:47,16.9574701096,26405147.011411157,Earth,https://ssd.jpl.nasa.gov/tools/sbdb_lookup.html#/?sstr=2003103,False
2003122,3122 Florence (1981 ET3),14.08,True,4.0602705828,9.0790410302,6.5696558065,0.09549150281213567,S-like,3000,105144075526853.69,1175546501553498.0,3631290.371326567,40599060.58185479,1.768877683705672,0.4232384851275994,22.14277038617249,859.3006319561886,1930-Aug-29 19:23,13.9543936845,7837812.447728948,Earth,https://ssd.jpl.nasa.gov/tools/sbdb_lookup.html#/?sstr=2003122,False
2003199,3199 Nefertiti (1982 RA),14.99,False,2.6702687706,5.9709024892,4.3205856299,0.09549150281090979,S-like,3000,29907823352744.266,334379630369485.2,1032906.4231528552,11548244.882502537,1.574604350672332,0.2841004688454785,32.95969660343363,721.6981590622372,1916-Mar-16 06:19,13.4221932631,7046928.930383422,Mars,https://ssd.jpl.nasa.gov/tools/sbdb_lookup.html#/?sstr=2003199,False
2003200,3200 Phaethon (1983 TB),14.39,True,3.5200998005,7.8711824416,5.69564112105,0.09549150281344665,S-like,3000,68514865077644.625,766019478942971.9,2366251.9129349063,26455500.647050537,1.271395191214645,0.8897184635468977,22.31263747285634,523.6236739904099,1924-Oct-21 05:22,33.877789151,22346296.40825863,Venus,https://ssd.jpl.nasa.gov/tools/sbdb_lookup.html#/?sstr=2003200,False
2003271,3271 Ul (1982 RB),16.57,False,1.2898968334,2.8842970035,2.08709691845,0.09549150281454734,S-like,3000,3371202239901.9766,37691186873792.48,116428.94925091673,1301715.2254452708,2.101779602371974,0.3955390221242318,25.0679810204469,1112.959052497482,1949-Feb-26 04:06,13.670272508,11184173.439990127,Mars,https://ssd.jpl.nasa.gov/tools/sbdb_lookup.html#/?sstr=2003271,False
2003288,3288 Seleucus (1982 DV),15.34,False,2.2727673228,5.0820622309,3.67741477685,0.09549150281446556,S-like,3000,18441014393873.027,206176808803374.94,636884.93783811,7120590.074590745,2.034385923299921,0.4544770437048247,5.925784862096567,1059.859849264633,1982-Apr-12 17:44,6.5008847543,20895360.908845857,Earth,https://ssd.jpl.nasa.gov/tools/sbdb_lookup.html#/?sstr=2003288,False
2003352,3352 McAuliffe (1981 CW),15.93,False,1.7320282714,3.8729329538,2.8024806126,0.09549150281410233,S-like,3000,8161778545617.686,91251458226371.45,281877.8680310123,3151490.3713457636,1.879038333576994,0.3691071842151085,4.771417545314086,940.8099177888391,,,,,https://ssd.jpl.nasa.gov/tools/sbdb_lookup.html#/?sstr=2003352,False
2003360,3360 Syrinx (1981 VA),16.04,False,1.6464743776,3.6816286314,2.6640515045,0.09549150281169026,S-like,3000,7011078130971.396,78386236474070.48,242136.90007776453,2707172.841898467,2.466347115874498,0.7473877621789794,21.0737142794752,1414.750076846117,1950-Dec-01 20:07,22.563779094,13338427.048959646,Venus,https://ssd.jpl.nasa.gov/tools/sbdb_lookup.html#/?sstr=2003360,False
2003361,3361 Orpheus (1982 HR),19.56,True,0.3255029858,0.727846803,0.5266748944,0.0954915028149837,S-like,3000,54173239537.0243,605675230511.4116,1870.9448167065036,20917.798950501667,1.210150890505602,0.3231610018528006,2.651688392512523,486.2478722753477,1929-Nov-12 05:17,12.9576032177,22268336.09627086,Earth,https://ssd.jpl.nasa.gov/tools/sbdb_lookup.html#/?sstr=2003361,False
2003362,3362 Khufu (1984 QA),18.52,True,0.5254785303,1.1750057146,0.85024212245,0.09549150281281082,S-like,3000,227921244062.19,2548236977059.055,7871.5630418227665,88006.7502832298,0.9895257268729675,0.4684608161126215,9.915985684678182,359.5332510718517,1912-Sep-09 03:12,30.0103355297,72881438.22636625,Earth,https://ssd.jpl.nasa.gov/tools/sbdb_lookup.html#/?sstr=2003362,False
2003551,3551 Verenia (1983 RD),16.72,False,1.2038017674,2.6917825833,1.94779217535,0.09549150281195978,S-like,3000,2740216057060.5957,30636546881726.926,94637.00292668644,1058073.8586064868,2.092921162403058,0.4868088692394253,9.506683378073387,1105.930233715212,1983-Sep-16 22:03,8.0029025934,12754488.578215236,Earth,https://ssd.jpl.nasa.gov/tools/sbdb_lookup.html#/?sstr=2003551,False
2003552,3552 Don Quixote (1983 SA),13.04,False,6.5547325584,14.6568275748,10.6057800666,0.09549150281264154,S-like,3000,442369123915380.06,4945837160994179.0,15277805.54631272,170811058.7389242,4.26962787692909,0.7072875592513527,31.05176436061101,3222.429798614661,1920-Dec-29 20:37,11.8518831198,90060440.67815797,Juptr,https://ssd.jpl.nasa.gov/tools/sbdb_lookup.html#/?sstr=2003552,False
2003553,3553 Mera (1985 JA),16.4,False,1.3949382293,3.1191767052,2.25705746725,0.09549150281548954,S-like,3000,4263682007384.275,47669414018071.555,147251.92401219593,1646326.559658542,1.644650719691447,0.3199542454810656,36.77388595389595,770.3870006769184,,,,,https://ssd.jpl.nasa.gov/tools/sbdb_lookup.html#/?sstr=2003553,False
2003554,3554 Amun (1986 EB),15.91,False,1.7480545317,3.9087687612,2.82841164645,0.09549150281346115,S-like,3000,8390441366927.164,93807986284218.27,289775.04242853133,3239783.465121783,0.9739809579556387,0.2805906629144661,23.3563682850061,351.0945808281836,1909-Feb-03 00:03,14.8870508525,58971083.96452386,Earth,https://ssd.jpl.nasa.gov/tools/sbdb_lookup.html#/?sstr=2003554,False
2003671,3671 Dionysus (1984 KD),16.49,True,1.3383046182,2.9925401008,2.1654223595,0.09549150281085068,S-like,3000,3765171883205.1357,42095901384990.11,130035.21441757698,1453837.8943907914,2.197297339030781,0.5438362953411613,13.53279403537427,1189.68413892372,1930-Nov-15 08:43,3.3245414486,275200659.7481271,Juptr,https://ssd.jpl.nasa.gov/tools/sbdb_lookup.html#/?sstr=2003671,False
2003691,3691 Bede (1982 FT),14.93,False,2.7450798165,6.1381850734,4.44163244495,0.09549150281255413,S-like,3000,32492625635083.266,363278598445189.25,1122176.0048445344,12546309.148023386,1.774191770862532,0.2844501926340076,20.34973676943615,863.1758233178208,,,,,https://ssd.jpl.nasa.gov/tools/sbdb_lookup.html#/?sstr=2003691,False
2003752,3752 Camillo (1985 PA),15.15,False,2.4805899315,5.5467677112,4.01367882135,0.09549150281240952,S-like,3000,23976445903957.055,268064814509816.47,828058.420918211,9257974.592893995,1.413637181352959,0.3015456530300604,55.56224194971773,613.9109306011001,1934-Feb-14 06:34,29.1012701156,14064861.320584532,Earth,https://ssd.jpl.nasa.gov/tools/sbdb_lookup.html#/?sstr=2003752,False
2003753,3753 Cruithne (1986 TO),15.44,False,2.1704759431,4.8533317522,3.51190384765,0.09549150281269397,S-like,3000,16061452100566.924,179572493560070.3,554703.5919053347,6201774.693936463,0.9977870006773552,0.514875739441783,19.80229712999272,364.0450994707389,1900-Jul-17 14:19,16.5981219002,13746248.33057065,Earth,https://ssd.jpl.nasa.gov/tools/sbdb_lookup.html#/?sstr=2003753,False
2003757,3757 Anagolay (1982 XB),19.01,True,0.4193290755,0.9376483177,0.6784886966,0.09549150281465377,S-like,3000,115820332369.47527,1294910681524.66,4000.009088764143,44721.461156862664,1.83453901487244,0.4458609644108424,3.866441989896492,907.5882302983372,1900-Nov-16 09:33,10.8941174534,27345732.08504038,Earth,https://ssd.jpl.nasa.gov/tools/sbdb_lookup.html#/?sstr=2003757,False
2003838,3838 Epona (1986 WA),15.63,False,1.9886345324,4.4467219968,3.2176782646,0.09549150281003593,S-like,3000,12353351726029.158,138114671042177.33,426639.4178803091,4769973.701145943,1.504850724611411,0.7027320524260973,29.19740688341114,674.2773316070927,1979-Aug-01 00:04,19.7672921647,7402723.13956476,Mars,https://ssd.jpl.nasa.gov/tools/sbdb_lookup.html#/?sstr=2003838,False
2003908,3908 Nyx (1980 PA),17.45,False,0.8601119401,1.9232687664,1.39169035325,0.0954915028114393,S-like,3000,999504622135.4171,11174801395945.36,34519.22033904584,385936.6160884571,1.927892961866512,0.4590032613687189,2.186359090051667,977.7386961236871,1932-Dec-08 13:26,9.7158922895,13926111.375569925,Mars,https://ssd.jpl.nasa.gov/tools/sbdb_lookup.html#/?sstr=2003908,False
2003988,3988 Huma (1986 LA),17.94,False,0.6863647587,1.5347582577,1.1105615082,0.09549150281412083,S-like,3000,507907711719.711,5678580847249.021,17541.267768522524,196117.3356662246,1.544630227204407,0.3166725844579009,10.76618732070588,701.1892042947258,1900-Jul-25 19:48,7.3299903587,8206416.543000942,Mars,https://ssd.jpl.nasa.gov/tools/sbdb_lookup.html#/?sstr=2003988,False
2004015,4015 Wilson-Harrington (1979 VA),16.19,True,1.536579294,3.4358957542,2.4862375241,0.09549150281317403,S-like,3000,5698818255538.602,63714725053858.84,196816.26145442826,2200472.6984423045,2.626292152241552,0.6308546919671275,2.798581486347994,1554.579658736235,1919-Sep-30 06:08,8.8059885516,7860397.821594541,Earth,https://ssd.jpl.nasa.gov/tools/sbdb_lookup.html#/?sstr=2004015,False
2004034,4034 Vishnu (1986 PA),18.49,True,0.5327886649,1.1913516723,0.8620701686,0.0954915028094823,S-like,3000,237566285306.86166,2656071815154.966,8204.667358231718,91730.9697155575,1.059366115120629,0.4440123314329569,11.16925301425348,398.2607828523565,1904-Dec-26 11:58,15.1768344049,10094314.19623201,Venus,https://ssd.jpl.nasa.gov/tools/sbdb_lookup.html#/?sstr=2004034,False
2004055,4055 Magellan (1985 DO2),14.93,False,2.7450798165,6.1381850734,4.44163244495,0.09549150281255413,S-like,3000,32492625635083.266,363278598445189.25,1122176.0048445344,12546309.148023386,1.820248128061477,0.3259883548784396,23.2523100675708,897.0038695120345,,,,,https://ssd.jpl.nasa.gov/tools/sbdb_lookup.html#/?sstr=2004055,False
2004179,4179 Toutatis (1989 AC),15.29,True,2.3257068746,5.2004386672,3.7630727709,0.09549150281245072,S-like,3000,19759902933597.254,220922430923230.03,682434.5061913965,7629849.72954272,2.543029853371406,0.624740333220544,0.4480782679755703,1481.240624993748,1906-Oct-02 14:37,12.3343370269,23118432.290616184,Earth,https://ssd.jpl.nasa.gov/tools/sbdb_lookup.html#/?sstr=2004179,False
2004183,4183 Cuno (1959 LM),14.16,True,3.9134066315,8.7506432516,6.332024941549999,0.09549150281136488,S-like,3000,94142300535249.06,1052542917763442.4,3251329.452041943,36350968.35965999,1.980934749410739,0.6361972434032498,6.66948058230087,1018.365510685235,1903-Sep-16 07:47,17.9568235451,11911798.540579785,Mars,https://ssd.jpl.nasa.gov/tools/sbdb_lookup.html#/?sstr=2004183,False
2004197,4197 Morpheus (1982 TA),14.97,False,2.6949764633,6.0261505697,4.3605635165,0.09549150281169924,S-like,3000,30745729847133.58,343747709780043.25,1061844.6374069795,11871783.953923577,2.295466129473292,0.7724910138769645,12.60331590853919,1270.295502045782,1913-May-12 02:04,28.5627059477,26640610.812517375,Earth,https://ssd.jpl.nasa.gov/tools/sbdb_lookup.html#/?sstr=2004197,False
2004257,4257 Ubasti (1987 QA),15.98,False,1.6926024946,3.7847742368,2.7386883657,0.09549150280990155,S-like,3000,7617014930392.598,85160815849179.19,263063.73265815736,2941141.9431659635,1.647137300114363,0.4683593801776403,40.72179909829047,772.1348062427666,1911-Jul-24 17:44,22.626261867,5900901.74515404,Mars,https://ssd.jpl.nasa.gov/tools/sbdb_lookup.html#/?sstr=2004257,False
2004341,4341 Poseidon (1987 KF),16.08,False,1.6164228334,3.6144313359,2.61542708465,0.09549150281111848,S-like,3000,6634142668223.525,74171969895039.5,229118.93297282493,2561627.5453712256,1.834247437073807,0.6801107514918033,11.84040305414285,907.3718636300948,1902-Aug-11 16:17,18.4314699043,13539063.299066482,Venus,https://ssd.jpl.nasa.gov/tools/sbdb_lookup.html#/?sstr=2004341,False
2004401,4401 Aditi (1985 TB),16.12,False,1.5869197917,3.5484605292,2.56769016045,0.09549150281289531,S-like,3000,6277472325989.137,70184274245987.82,216800.84873456744,2423907.1769945603,2.583948943909136,0.5633840522755408,26.62001970311618,1517.135320096879,1927-Nov-05 23:37,17.9108794175,55084708.62027917,Earth,https://ssd.jpl.nasa.gov/tools/sbdb_lookup.html#/?sstr=2004401,False
2004450,4450 Pan (1987 SY),17.28,True,0.930154254,2.0798881414,1.5050211977,0.09549150281123228,S-like,3000,1264109825321.1248,14133177500084.668,43657.71265748148,488108.0661477616,1.442205801818595,0.5866098147000343,5.524111536657366,632.6147073315498,1907-Dec-11 15:31,21.4229836366,14855001.501073815,Venus,https://ssd.jpl.nasa.gov/tools/sbdb_lookup.html#/?sstr=2004450,False
2004486,4486 Mithra (1987 SB),15.61,True,2.0070351411,4.4878670088,3.24745107495,0.09549150281378632,S-like,3000,12699446909395.422,141984132836886.97,438592.2749540245,4903610.706245259,2.206311557152431,0.6600236371404584,3.030844964262606,1197.012503135884,1902-Aug-23 06:38,22.2049214651,26278354.244628202,Earth,https://ssd.jpl.nasa.gov/tools/sbdb_lookup.html#/?sstr=2004486,False
2004487,4487 Pocahontas (1987 UA),17.48,False,0.8483107619,1.8968805296,1.37259564575,0.09549150281301536,S-like,3000,958925365791.415,10721111515392.959,33117.76179657253,370267.8331678496,1.730457378310752,0.2964705485070414,16.40525842504406,831.4569872440114,,,,,https://ssd.jpl.nasa.gov/tools/sbdb_lookup.html#/?sstr=2004487,False
2004503,4503 Cleobulus (1989 WM),15.82,False,1.8220277059,4.0741778073,2.9481027566,0.0954915028130625,S-like,3000,9501338851288.625,106228197745239.22,328141.3632913973,3668731.9727980564,2.703583506028281,0.5247715495540956,2.512807256621072,1623.708668425011,1902-Jul-15 13:42,4.6214113009,203480043.4725798,Juptr,https://ssd.jpl.nasa.gov/tools/sbdb_lookup.html#/?sstr=2004503,False
2004544,4544 Xanthus (1989 FB),17.37,False,0.8923905787,1.9954459964,1.44391828755,0.09549150280703236,S-like,3000,1116309978682.101,12480724980467.309,38553.248546740826,431038.4224850684,1.042024298007373,0.2501386611436746,14.14292145987675,388.5216244193513,1902-Jul-03 01:46,8.2268602192,9723899.24866324,Venus,https://ssd.jpl.nasa.gov/tools/sbdb_lookup.html#/?sstr=2004544,False
2004581,4581 Asclepius (1989 FC),20.74,True,0.1890405519,0.4227075246,0.30587403825,0.09549150282704354,S-like,3000,10611696163.016142,118642369925.40411,366.48902857452975,4097.471905884535,1.022552482320444,0.3569481235311107,4.917759774208245,377.6824788770631,1901-Jun-27 09:16,12.6417912422,16533200.938423863,Venus,https://ssd.jpl.nasa.gov/tools/sbdb_lookup.html#/?sstr=2004581,False
2004596,4596 (1981 QB),16.45,False,1.3631855586,3.0481755751,2.20568056685,0.09549150281401321,S-like,3000,3979099570568.2534,44487685650599.984,137423.49138315313,1536441.3423785127,2.239327279542636,0.5200438689152801,37.07443579516206,1223.981300683302,1904-Sep-02 05:33,24.5809417261,60342675.162214346,Earth,https://ssd.jpl.nasa.gov/tools/sbdb_lookup.html#/?sstr=2004596,False
2004660,4660 Nereus (1982 DB),18.75,True,0.4726666672,1.0569147985,0.76479073285,0.09549150281499304,S-like,3000,165876478505.1611,1854555408726.5876,5728.764613765722,64049.535506929235,1.484999220837814,0.3587882686489839,1.453542356528226,660.9791580339959,1900-Jan-29 18:09,5.5448650497,3111379.539567199,Earth,https://ssd.jpl.nasa.gov/tools/sbdb_lookup.html#/?sstr=2004660,False
2004688,4688 (1980 WF),19.6,False,0.3195618867,0.7145621017,0.5170619942,0.09549150282143534,S-like,3000,51260732374.547905,573112410879.4075,1770.3575115014753,19793.198702694644,2.233066576654164,0.5178619503805612,6.374948689362922,1218.851886505308,1940-Nov-17 19:07,15.9605599715,59574121.70004968,Earth,https://ssd.jpl.nasa.gov/tools/sbdb_lookup.html#/?sstr=2004688,False
2004769,4769 Castalia (1989 PB),17.4,True,0.8801465209,1.9680674509,1.4241069859,0.09549150281217057,S-like,3000,1070988498360.4592,11974015427411.867,36988.01099739158,413538.53471821576,1.063093686428662,0.4831979099070784,8.885145229309328,400.3646597722501,1902-Feb-18 11:50,15.6642793458,9859362.333996717,Venus,https://ssd.jpl.nasa.gov/tools/sbdb_lookup.html#/?sstr=2004769,False
2004947,4947 Ninkasi (1988 TJ1),18.09,False,0.6405528629,1.4323197447,1.0364363038,0.09549150281914091,S-like,3000,412842887341.1346,4615723801320.864,14258.077729635266,159410.15518424113,1.370112754695095,0.1684400403449577,15.65179475182887,585.7777759751888,1933-Jul-01 00:52,7.4478980859,2528170.388358611,Mars,https://ssd.jpl.nasa.gov/tools/sbdb_lookup.html#/?sstr=2004947,False
2004953,4953 (1990 MU),14.88,True,2.8090209395,6.2811617709,4.5450913552,0.0954915028127291,S-like,3000,34816475646750.316,389260031407629.6,1202433.2530964199,13443612.461377267,1.62144438357548,0.6574752762616668,24.3789720391057,754.1391931403526,1919-Nov-18 09:18,19.0153088782,18036378.617043577,Venus,https://ssd.jpl.nasa.gov/tools/sbdb_lookup.html#/?sstr=2004953,False
2004954,4954 Eric (1990 SQ),12.56,False,8.1762653336,18.282685088,13.2294752108,0.09549150281211101,S-like,3000,858587985284267.2,9599305498793818.0,29652477.025233418,331524771.6481134,2.001378380677085,0.4493641196894135,17.42719434971719,1034.170709135159,1939-Oct-06 06:38,12.5268736975,10542556.268804895,Mars,https://ssd.jpl.nasa.gov/tools/sbdb_lookup.html#/?sstr=2004954,False
2004957,4957 Brucemurray (1990 XJ),15.05,False,2.5974965333,5.8081788198,4.202837676550001,0.09549150281208563,S-like,3000,27528643195847.73,307779587574625.9,950738.2748087947,10629577.056532849,1.565455988913495,0.2187856541239301,35.01186650799922,715.4177654802521,1939-May-07 09:10,15.3287034094,11941824.55346429,Mars,https://ssd.jpl.nasa.gov/tools/sbdb_lookup.html#/?sstr=2004957,False
2005011,5011 Ptah (6743 P-L),16.66,True,1.2375278366,2.7671963667,2.00236210165,0.09549150280938624,S-like,3000,2977040938632.8345,33284329553424.504,102816.06492171237,1149518.5517375336,1.63592887356879,0.5002366487029833,7.409924526316391,764.2669041778182,1902-Mar-31 03:31,15.334019193,6011158.472019949,Mars,https://ssd.jpl.nasa.gov/tools/sbdb_lookup.html#/?sstr=2005011,False
2005131,5131 (1990 BG),14.83,False,2.8744514425,6.4274688236,4.65096013305,0.09549150281281099,S-like,3000,37306525793482.04,417099638421624.5,1288430.4438714518,14405090.28487685,1.486191002363471,0.5689455401720632,36.44665769361605,661.7750178236763,1903-Jun-25 18:08,25.782271739,57570319.14765234,Earth,https://ssd.jpl.nasa.gov/tools/sbdb_lookup.html#/?sstr=2005131,False
2005143,5143 Heracles (1991 VL),14.06,False,4.0978398039,9.1630483625,6.6304440832000004,0.09549150281330412,S-like,3000,108089823289631.06,1208480962787524.8,3733025.68483549,41736495.96625175,1.834756426725568,0.7711709254944399,8.978954660171764,907.7495729708888,1903-Dec-22 04:25,6.0575969812,270323268.96076936,Juptr,https://ssd.jpl.nasa.gov/tools/sbdb_lookup.html#/?sstr=2005143,False
2005189,5189 (1990 UQ),17.84,True,0.7187121332,1.607089186,1.1629006596,0.09549150281456148,S-like,3000,583156078570.8018,6519883164798.384,20140.07011316464,225172.82918579504,1.551726586522846,0.4782496491603317,3.579591397876876,706.026868185522,1901-Mar-25 15:35,10.9407215934,5402908.38766844,Mars,https://ssd.jpl.nasa.gov/tools/sbdb_lookup.html#/?sstr=2005189,False
2005324,5324 Lyapunov (1987 SL),15.35,False,2.2623249055,5.058712276,3.6605185907499997,0.09549150281316374,S-like,3000,18187994191035.95,203347956941049.8,628146.5489016956,7022891.916343618,2.979304214286166,0.6062556260809837,19.65541783797334,1878.324845938354,1911-Aug-31 22:48,12.3930949799,27428041.281907987,Earth,https://ssd.jpl.nasa.gov/tools/sbdb_lookup.html#/?sstr=2005324,False
2005332,5332 Davidaguilar (1990 DA),14.96,False,2.7074159094,6.0539660169,4.38069096315,0.09549150281334663,S-like,3000,31173445552727.016,348529716764170.44,1076616.367679028,12036936.919795083,2.163377692931152,0.4555991176065211,25.52411062997355,1162.243023080002,,,,,https://ssd.jpl.nasa.gov/tools/sbdb_lookup.html#/?sstr=2005332,False
2005370,5370 Taranis (1986 RA),15.23,False,2.3908645717,5.3461357073,3.8685001395,0.09549150281349464,S-like,3000,21467664865802.72,240015789788288.1,741414.3339169439,8289264.250575437,3.318236926223685,0.6370048307234624,19.17168007218329,2207.79891109488,2099-Sep-10 06:10,13.2119140871,19827641.581375834,Earth,https://ssd.jpl.nasa.gov/tools/sbdb_lookup.html#/?sstr=2005370,False
2005381,5381 Sekhmet (1991 JY),16.72,False,1.2038017674,2.6917825833,1.94779217535,0.09549150281195978,S-like,3000,2740216057060.5957,30636546881726.926,94637.00292668644,1058073.8586064868,0.9474333258860603,0.296429972358377,48.96620088163159,336.8382576800857,1908-May-16 11:16,23.1073815979,19772805.50974118,Earth,https://ssd.jpl.nasa.gov/tools/sbdb_lookup.html#/?sstr=2005381,False
2005496,5496 (1973 NA),16.15,False,1.5651464359,3.4997738255,2.5324601307,0.09549150281357033,S-like,3000,6022610913925.5205,67334837032816.68,207998.8711907834,2325498.0763006713,2.436698217349238,0.6342304447005586,68.01518614774231,1389.31602545638,1916-Jul-03 17:58,38.1146524461,11447613.613563983,Earth,https://ssd.jpl.nasa.gov/tools/sbdb_lookup.html#/?sstr=2005496,False
2005587,5587 (1990 SB),13.89,False,4.431543091,9.9092315966,7.1703873438,0.09549150281210597,S-like,3000,136705128313760.9,1528409798867796.5,4721293.269918367,52785663.46472194,2.400594311372997,0.5443165619501136,18.04103246251962,1358.55299996734,1906-Sep-21 07:37,3.5600831482,294494433.6099226,Juptr,https://ssd.jpl.nasa.gov/tools/sbdb_lookup.html#/?sstr=2005587,False
2005590,5590 (1990 VA),19.91,False,0.2770479727,0.6194981001,0.44827303639999994,0.09549150281074868,S-like,3000,33402948710.449,373456320034.2165,1153.6152219550386,12897.810287988596,0.9863491370099366,0.2801400809438404,14.17912238791946,357.8033729536285,1900-May-27 17:31,12.9443112777,4838845.235615849,Venus,https://ssd.jpl.nasa.gov/tools/sbdb_lookup.html#/?sstr=2005590,False
2005604,5604 (1992 FE),17.38,True,0.8882904164,1.9862777548,1.4372840856,0.09549150281237545,S-like,3000,1100993631462.6494,12309483013129.352,38024.278142053736,425124.35358441476,0.9299991601042746,0.4064912990150852,4.698328804804425,327.5836830240975,1901-Feb-26 22:05,14.8771271924,15099448.370037582,Earth,https://ssd.jpl.nasa.gov/tools/sbdb_lookup.html#/?sstr=2005604,False
2005620,5620 Jasonwheeler (1990 OA),17.09,False,1.0152078719,2.2700738128,1.64264084235,0.09549150281474345,S-like,3000,1643557138005.5046,18375527425937.984,56762.42983790521,634623.2583766823,2.158662352997256,0.4227266677881573,7.87317834356782,1158.445223284476,,,,,https://ssd.jpl.nasa.gov/tools/sbdb_lookup.html#/?sstr=2005620,False
2005626,5626 Melissabrucker (1991 FE),14.33,False,3.618719966,8.0917038355,5.8552119007500005,0.09549150281242695,S-like,3000,74436305022367.03,832223190115989.8,2570756.710261003,28741933.78866169,2.194892413659413,0.4545111142354068,3.848768468053328,1187.731522967462,1928-Jun-27 15:39,9.4547107436,6958019.699888217,Mars,https://ssd.jpl.nasa.gov/tools/sbdb_lookup.html#/?sstr=2005626,False
2005645,5645 (1990 SP),17.23,False,0.9518203298,2.1283349598,1.5400776448,0.09549150281624201,S-like,3000,1354518081523.0872,15143972535211.006,46780.08192640681,523017.2159029614,1.354541944748934,0.387314666028303,13.50516942166606,575.8204887116719,1901-Mar-22 16:42,19.0018757957,53640272.9089613,Earth,https://ssd.jpl.nasa.gov/tools/sbdb_lookup.html#/?sstr=2005645,False
2005646,5646 (1990 TR),15.51,False,2.1016237932,4.6993736648,3.400498729,0.09549150281259153,S-like,3000,14580915960296.68,163019596314859.47,503571.3088582386,5630098.390893211,2.144196446519207,0.4358498675412124,7.905627131161188,1146.82007010809,1921-Sep-21 03:54,5.1390320803,45575273.207163244,Earth,https://ssd.jpl.nasa.gov/tools/sbdb_lookup.html#/?sstr=2005646,False
2005653,5653 Camarillo (1992 WD5),16.22,False,1.5154966357,3.3887534971,2.4521250664,0.09549150281522753,S-like,3000,5467449833064.651,61127947451651.04,188825.6455252969,2111134.896454009,1.794081898439043,0.3044011471264189,6.874690106861194,877.7317805938476,1916-Jul-19 07:57,8.7217308247,14848699.945116444,Mars,https://ssd.jpl.nasa.gov/tools/sbdb_lookup.html#/?sstr=2005653,False
2005660,5660 (1974 MA),15.38,False,2.2312846442,4.9893041415,3.61029439285,0.09549150281202064,S-like,3000,17449573114595.604,195092158303249.25,602644.1957598147,6737766.939488412,1.785567735658786,0.7619876067297139,38.14407221766631,871.4910304497937,1900-Jul-23 19:12,37.2393525232,47210761.345604055,Earth,https://ssd.jpl.nasa.gov/tools/sbdb_lookup.html#/?sstr=2005660,False
2005693,5693 (1993 EA),16.78,True,1.1709948272,2.6184240349,1.89470943105,0.09549150281359338,S-like,3000,2522230696128.207,28199396456756.074,87108.58881226719,973903.63001942,1.270567823656193,0.5851004346979131,5.058852629484916,523.1126305857467,1902-Jan-05 10:35,25.3294983456,20577254.412340436,Venus,https://ssd.jpl.nasa.gov/tools/sbdb_lookup.html#/?sstr=2005693,False
2005731,5731 Zeus (1988 VP4),15.47,False,2.1406958967,4.7867415442,3.46371872045,0.09549150281250146,S-like,3000,15409367287578.371,172281963729018.0,532182.9763515953,5949986.558040894,2.265400570709435,0.6524094997040029,11.20075706543676,1245.420285449586,1926-Jan-25 01:15,5.3857474066,265530115.80650187,Juptr,https://ssd.jpl.nasa.gov/tools/sbdb_lookup.html#/?sstr=2005731,False
2005751,5751 Zao (1992 AC),14.94,False,2.7324673204,6.1099826748,4.4212249976,0.09549150281201563,S-like,3000,32046810097950.965,358294229220865.25,1106779.1728379338,12374167.33327319,2.101486713080365,0.425326077657129,16.07378889539291,1112.726419329271,,,,,https://ssd.jpl.nasa.gov/tools/sbdb_lookup.html#/?sstr=2005751,False
2005786,5786 Talos (1991 RC),17.15,False,0.9875406389,2.2082079992,1.59787431905,0.0954915028157737,S-like,3000,1512811463611.907,16913746350632.85,52246.954228470495,584138.7064212349,1.081512686589752,0.8268298169951958,23.22311248966323,410.8145854363995,,,,,https://ssd.jpl.nasa.gov/tools/sbdb_lookup.html#/?sstr=2005786,False
2005797,5797 Bivoj (1980 AA),18.89,False,0.4431543091,0.9909231597,0.7170387344,0.09549150280677897,S-like,3000,136705128313.76093,1528409799052.8857,4721.293269918368,52785.66347111425,1.893839399065675,0.4443397656934985,4.190350126891623,951.9478291019349,1954-Jan-22 07:48,6.5462276888,15718713.031401664,Earth,https://ssd.jpl.nasa.gov/tools/sbdb_lookup.html#/?sstr=2005797,False
2005828,5828 (1991 AM),15.96,False,1.7082639526,3.8197943216,2.7640291371,0.09549150281317415,S-like,3000,7830415490751.063,87546706652016.42,270433.80459214357,3023541.852585175,1.698310968148882,0.6948660642238859,30.17576938814154,808.3961722683171,,,,,https://ssd.jpl.nasa.gov/tools/sbdb_lookup.html#/?sstr=2005828,False
2005836,5836 (1993 MF),14.99,False,2.6702687706,5.9709024892,4.3205856299,0.09549150281090979,S-like,3000,29907823352744.266,334379630369485.2,1032906.4231528552,11548244.882502537,2.438887690424682,0.5383190811625758,7.933591152509291,1391.188981995421,1907-Sep-11 06:03,2.4751667603,263006695.59930936,Juptr,https://ssd.jpl.nasa.gov/tools/sbdb_lookup.html#/?sstr=2005836,False
2005863,5863 Tara (1983 RB),15.84,False,1.8053232555,4.0368255207,2.9210743881,0.09549150281082039,S-like,3000,9242400989979.395,103333184447657.9,319198.6001558371,3568748.841464285,2.220521792827451,0.5072831222027552,19.50910982342812,1208.595538142494,1930-Aug-19 04:05,13.2336587652,36078130.78957755,Earth,https://ssd.jpl.nasa.gov/tools/sbdb_lookup.html#/?sstr=2005863,False
2005869,5869 Tanith (1988 VN4),17.22,False,0.9562137328,2.1381589077,1.5471863202499998,0.09549150281264282,S-like,3000,1373361304934.4434,15354646180530.46,47430.85768714796,530293.1102023546,1.812114593130848,0.3213945232064802,17.9249998875992,890.9983782632452,1910-Dec-05 17:33,9.6833212321,49353730.742360115,Earth,https://ssd.jpl.nasa.gov/tools/sbdb_lookup.html#/?sstr=2005869,False
2005879,5879 Almeria (1992 CH1),17.61,False,0.7990150812,1.7866520367,1.29283355895,0.09549150281515394,S-like,3000,801280929757.4421,8958593141402.46,27673.301708879157,309396.9189609597,1.624694513215152,0.2891396091282228,21.57501025970944,756.407798237474,1905-Feb-13 19:31,11.6327168829,25530592.01411444,Earth,https://ssd.jpl.nasa.gov/tools/sbdb_lookup.html#/?sstr=2005879,False
2006037,6037 (1988 EG),18.86,True,0.4493191996,1.004708274,0.7270137368,0.09549150281265788,S-like,3000,142490137895.80966,1593088172760.791,4921.086263371056,55019.41705638965,1.271559002610797,0.4996137169793169,3.510550772285995,523.7248757511283,1907-Sep-02 22:44,10.1965690958,24873142.137397967,Earth,https://ssd.jpl.nasa.gov/tools/sbdb_lookup.html#/?sstr=2006037,False
2006047,6047 (1991 TB1),17.84,False,0.7187121332,1.607089186,1.1629006596,0.09549150281456148,S-like,3000,583156078570.8018,6519883164798.384,20140.07011316464,225172.82918579504,1.45452208783782,0.3521491926699417,23.47429956949283,640.7356786608442,1935-Oct-19 03:47,21.2944486197,68292739.43384267,Earth,https://ssd.jpl.nasa.gov/tools/sbdb_lookup.html#/?sstr=2006047,False
2006050,6050 Miwablock (1992 AE),14.94,False,2.7324673204,6.1099826748,4.4212249976,0.09549150281201563,S-like,3000,32046810097950.965,358294229220865.25,1106779.1728379338,12374167.33327319,2.201600627551943,0.4372168172934845,6.405250864420166,1193.180747996403,2011-Sep-02 20:51,6.7073937766,10870276.193712682,Mars,https://ssd.jpl.nasa.gov/tools/sbdb_lookup.html#/?sstr=2006050,False
2006053,6053 (1993 BW3),15.1,False,2.5383702936,5.6759685287,4.10716941115,0.09549150281255527,S-like,3000,25691224656281.234,287236623805224.9,887280.583851013,9920098.503789434,2.147146990909803,0.5283946693018893,21.5793485230726,1149.188025238298,1964-Jan-26 07:47,15.7790449015,5710526.697186458,Mars,https://ssd.jpl.nasa.gov/tools/sbdb_lookup.html#/?sstr=2006053,False
2006063,6063 Jason (1984 KB),16.02,False,1.6617090174,3.7156943217,2.68870166955,0.09549150281336366,S-like,3000,7207502585502.686,80582328643944.83,248920.6796379393,2783017.8033102364,2.219893511357087,0.7624603112925334,4.961550212957301,1208.082628652495,1901-Aug-24 05:02,29.7121736225,21335019.235155586,Venus,https://ssd.jpl.nasa.gov/tools/sbdb_lookup.html#/?sstr=2006063,False
2006178,6178 (1986 DA),15.71,False,1.9167036797,4.2858797205,3.1012917001,0.09549150281037401,S-like,3000,11060755871789.215,123663010056380.75,381997.90235983307,4270866.384595368,2.813736784326152,0.584792624305968,4.314464747708041,1723.945885235755,2038-Apr-07 00:47,4.8577825545,29624429.579756618,Earth,https://ssd.jpl.nasa.gov/tools/sbdb_lookup.html#/?sstr=2006178,False
2006239,6239 Minos (1989 QF),18.59,True,0.5088092249,1.1377320144,0.82327061965,0.09549150280791603,S-like,3000,206911584708.56836,2313341843365.0215,7145.966536899648,79894.3346955654,1.150984486534324,0.412469459033552,3.941695071021104,451.0270944759817,1900-Aug-23 17:53,18.6113985768,29226839.550791293,Earth,https://ssd.jpl.nasa.gov/tools/sbdb_lookup.html#/?sstr=2006239,False
2006455,6455 (1992 HE),14.08,False,4.0602705828,9.0790410302,6.5696558065,0.09549150281213567,S-like,3000,105144075526853.69,1175546501553498.0,3631290.371326567,40599060.58185479,2.240271697366355,0.5728900812193168,37.33965930014028,1224.755688355215,,,,,https://ssd.jpl.nasa.gov/tools/sbdb_lookup.html#/?sstr=2006455,False
2006456,6456 Golombek (1992 OM),16.06,False,1.6313794097,3.6478752572,2.63962733345,0.09549150281518046,S-like,3000,6820006786663.802,76249993911036.94,235537.99729276274,2633394.8661914044,2.193346411779904,0.4088177423476496,8.22223402682738,1186.476852050618,1901-Aug-13 19:05,4.3055698164,64732081.018704765,Earth,https://ssd.jpl.nasa.gov/tools/sbdb_lookup.html#/?sstr=2006456,False
2006489,6489 Golevka (1991 JX),19.22,True,0.3806755436,0.8512163929,0.6159459682499999,0.09549150282002386,S-like,3000,86653240190.90576,968812677819.601,2992.684801048251,33459.233256436986,2.476775663886083,0.6187571562047618,2.259292857994011,1423.732616671232,1926-Aug-01 11:47,11.7428781705,12929666.158086961,Mars,https://ssd.jpl.nasa.gov/tools/sbdb_lookup.html#/?sstr=2006489,False
2006491,6491 (1991 OA),18.72,True,0.4792421155,1.071617948,0.77543003175,0.09549150281314937,S-like,3000,172895944637.3656,1933035426547.1047,5971.19120461265,66759.94721225063,2.504111083129327,0.5920989723391571,6.153287208481672,1447.367486550608,1906-Jun-20 10:50,5.9681897767,21995931.58449278,Earth,https://ssd.jpl.nasa.gov/tools/sbdb_lookup.html#/?sstr=2006491,False
2006569,6569 Ondaatje (1993 MO),16.63,False,1.2547435637,2.8056919027,2.0302177331999998,0.0954915028122613,S-like,3000,3103021658392.828,34692836816745.523,107166.9764908613,1198163.2218020384,1.626353635552728,0.2207238849932129,22.64324629597584,757.5667484905028,1906-Jul-23 12:43,11.8109884869,67373996.9656947,Earth,https://ssd.jpl.nasa.gov/tools/sbdb_lookup.html#/?sstr=2006569,False
2006611,6611 (1993 VW),16.82,False,1.1496217629,2.5706324102,1.86012708655,0.0954915028139942,S-like,3000,2386628414272.3047,26683316854935.023,82425.38381031262,921543.8062949595,1.69594379440571,0.484545840493962,8.701171681495225,806.7065989899544,1918-Dec-22 23:49,13.3667166532,19339111.740267072,Earth,https://ssd.jpl.nasa.gov/tools/sbdb_lookup.html#/?sstr=2006611,False
2007025,7025 (1993 QA),18.08,False,0.6435095206,1.4389310323,1.04122027645,0.09549150281276814,S-like,3000,418586104039.7383,4679934916032.232,14456.42735032079,161627.77135914378,1.475788298192228,0.3150127532310571,12.61026369417386,654.838975687194,1900-Dec-04 16:06,14.1747874596,62034342.86588092,Earth,https://ssd.jpl.nasa.gov/tools/sbdb_lookup.html#/?sstr=2007025,False
2007088,7088 Ishtar (1992 AA),16.84,False,1.1390819672,2.5470647106,1.8430733389,0.09549150281545049,S-like,3000,2321586164016.1616,25956122391712.06,80179.0632648985,896429.1791592715,1.980835839152382,0.3903182784721454,8.298746378963987,1018.289239466483,1900-Jan-01 05:02,4.7812323228,35509713.6064784,Earth,https://ssd.jpl.nasa.gov/tools/sbdb_lookup.html#/?sstr=2007088,False
2007092,7092 Cadmus (1992 LC),15.12,False,2.5150983749,5.6239309364,4.06951465565,0.09549150281273534,S-like,3000,24991067460849.945,279408628367346.8,863099.7246875758,9649748.278939199,2.545384899420821,0.6936758874997421,17.78670296156185,1483.298719622801,1923-Dec-13 00:12,21.6104270775,19256880.334291864,Earth,https://ssd.jpl.nasa.gov/tools/sbdb_lookup.html#/?sstr=2007092,False
2007236,7236 (1987 PA),18.32,False,0.5761757511,1.2883681464,0.93227194875,0.09549150280439697,S-like,3000,300458715977.6221,3359230566426.825,10376.741027429824,116015.491598632,2.721632216601372,0.5636857897403278,16.69135006781158,1639.995221329591,1906-Jul-23 16:57,10.6587108563,26499860.609342787,Earth,https://ssd.jpl.nasa.gov/tools/sbdb_lookup.html#/?sstr=2007236,False
2007335,7335 (1989 JA),17.7,True,0.7665755735,1.7141150923,1.2403453329,0.09549150281540346,S-like,3000,707595083674.0149,7911153539072.609,24437.736517900372,273222.2003814512,1.772620266572146,0.4845101481222294,15.16492079583256,862.029230168974,1916-May-20 06:06,14.939017208,9668051.52143271,Earth,https://ssd.jpl.nasa.gov/tools/sbdb_lookup.html#/?sstr=2007335,False
2007336,7336 Saunders (1989 RS1),18.8,False,0.4619074603,1.0328564805,0.7473819704,0.09549150281067224,S-like,3000,154804936973.06638,1730771811395.084,5346.394214294477,59774.504480542455,2.305546061885857,0.4819566218473221,7.200429993954059,1278.67193107799,1968-Sep-15 22:08,5.4138308985,29293055.816632804,Earth,https://ssd.jpl.nasa.gov/tools/sbdb_lookup.html#/?sstr=2007336,False
2007341,7341 (1991 VK),16.96,True,1.0778416872,2.4101272816,1.7439844843999999,0.09549150281432349,S-like,3000,1966911442409.5566,21990738455782.574,67929.90043694573,759479.3754446898,1.841650069291649,0.5061419339695022,5.409986907354111,912.8703415390908,1961-Nov-19 14:15,12.8332105374,19205793.738791525,Earth,https://ssd.jpl.nasa.gov/tools/sbdb_lookup.html#/?sstr=2007341,False
2007350,7350 (1993 VA),17.16,False,0.9830033019,2.1980622051,1.5905327534999998,0.09549150280727856,S-like,3000,1492054912571.3413,16681681052104.523,51530.09915548729,576124.0229515067,1.355954205247421,0.3911511226358341,7.263321298272024,576.7212586677,1900-Nov-03 17:40,5.5216064314,20604719.967921168,Venus,https://ssd.jpl.nasa.gov/tools/sbdb_lookup.html#/?sstr=2007350,False
2007358,7358 Oze (1995 YA3),14.72,False,3.0238133257,6.7614521476,4.89263273665,0.09549150281243567,S-like,3000,43429497744524.15,485556545941171.44,1499895.416846018,16769340.556524683,2.198231722182976,0.5023807027058562,4.661374294990374,1190.443075116395,1972-Sep-15 02:36,5.2769368921,18502379.467723947,Earth,https://ssd.jpl.nasa.gov/tools/sbdb_lookup.html#/?sstr=2007358,False
2007474,7474 (1992 TC),18.11,False,0.634680239,1.4191881584,1.0269341987,0.09549150281014449,S-like,3000,401591772604.7829,4489932513936.256,13869.505530925222,155065.78591390752,1.56564940875355,0.2920864021139001,7.088320157976867,715.5503596875528,1945-Sep-26 04:17,2.544989556,25755122.215535115,Earth,https://ssd.jpl.nasa.gov/tools/sbdb_lookup.html#/?sstr=2007474,False
2007480,7480 Norwan (1994 PC),17.24,False,0.9474471126,2.118556149,1.5330016308,0.09549150281323998,S-like,3000,1335933396603.3196,14936189444057.744,46138.23513603721,515841.15073287376,1.567836792523863,0.3168761949459407,9.453735441237235,717.0504367074404,1901-Jan-21 17:03,8.4548434115,13483503.966609739,Mars,https://ssd.jpl.nasa.gov/tools/sbdb_lookup.html#/?sstr=2007480,False
2007482,7482 (1994 PC1),16.58,True,1.2839702958,2.8710448625,2.0775075791499997,0.09549150281572488,S-like,3000,3324947611199.69,37174044401366.93,114831.48418220726,1283855.0229439582,1.348747135800229,0.3294446463358873,33.46933024678581,572.1293533486463,1922-Jan-21 21:41,18.9710507521,12398827.989851382,Earth,https://ssd.jpl.nasa.gov/tools/sbdb_lookup.html#/?sstr=2007482,False
2007753,7753 (1988 XB),18.01,True,0.6645917971,1.4860724357,1.0753321164,0.09549150281521401,S-like,3000,461089047994.8888,5155132275981.615,15924.3230007795,178039.34366141094,1.467414453735508,0.4815705403185895,3.124881389711453,649.2734073233098,1901-Jun-22 04:56,15.7624761233,12475400.587117676,Earth,https://ssd.jpl.nasa.gov/tools/sbdb_lookup.html#/?sstr=2007753,False
2007822,7822 (1991 CS),17.34,True,0.9048049682,2.0232054153,1.46400519175,0.09549150281621024,S-like,3000,1163549347123.398,13008877177204.428,40184.722910929966,449278.8604459942,1.122687105588309,0.1646364244344887,37.12267408780917,434.4967465598166,1915-Sep-02 16:03,19.0319360269,14008925.001495387,Earth,https://ssd.jpl.nasa.gov/tools/sbdb_lookup.html#/?sstr=2007822,False
2007839,7839 (1994 ND),17.83,False,0.7220295577,1.6145071727,1.1682683651999999,0.09549150280791156,S-like,3000,591268587780.0371,6610583775183.595,20420.24639919105,228305.2952949401,2.165090980808912,0.5186281451094488,27.11509961785793,1163.623954676775,1927-Jul-22 23:13,14.7878635837,45954603.35003594,Earth,https://ssd.jpl.nasa.gov/tools/sbdb_lookup.html#/?sstr=2007839,False
2007888,7888 (1993 UC),15.19,False,2.4353140627,5.4455277909,3.9404209268,0.09549150281256664,S-like,3000,22687404111068.32,253652889146574.06,783539.649629391,8760239.598871881,2.438558402551452,0.6632127252540682,26.07787779327665,1390.90724319301,1906-Mar-28 08:05,23.0106172495,25081782.606579367,Earth,https://ssd.jpl.nasa.gov/tools/sbdb_lookup.html#/?sstr=2007888,False
2007889,7889 (1994 LX),15.24,False,2.3798795468,5.321572445,3.8507259959,0.09549150281267331,S-like,3000,21173117460906.06,236722649703387.28,731241.7478730701,8175531.281582089,1.261581223057531,0.3462953530142288,36.90944452744368,517.5725697574984,1900-Mar-23 02:45,22.0901185445,18765853.749612164,Venus,https://ssd.jpl.nasa.gov/tools/sbdb_lookup.html#/?sstr=2007889,False
2007977,7977 (1977 QQ5),15.15,False,2.4805899315,5.5467677112,4.01367882135,0.09549150281240952,S-like,3000,23976445903957.055,268064814509816.47,828058.420918211,9257974.592893995,2.225557952374886,0.4662169270617139,25.16607826377792,1212.709523760576,1994-Mar-14 13:33,13.9752161632,11462293.906863462,Mars,https://ssd.jpl.nasa.gov/tools/sbdb_lookup.html#/?sstr=2007977,False
2008013,8013 Gordonmoore (1990 KA),17.09,False,1.0152078719,2.2700738128,1.64264084235,0.09549150281474345,S-like,3000,1643557138005.5046,18375527425937.984,56762.42983790521,634623.2583766823,2.199568689985438,0.4321079400403144,7.59773320986157,1191.529284105957,1930-Feb-06 11:53,1.3911995385,293254206.5159276,Juptr,https://ssd.jpl.nasa.gov/tools/sbdb_lookup.html#/?sstr=2008013,False
2008014,8014 (1990 MF),18.88,True,0.4451998164,0.9954970531,0.72034843475,0.09549150282519905,S-like,3000,138606886037.55978,1549672096924.0972,4786.973000102148,53519.98518296655,1.74757908041127,0.4560056779676914,1.867201311651516,843.8275156588015,1900-Sep-27 07:41,9.9874150956,6682779.246328761,Earth,https://ssd.jpl.nasa.gov/tools/sbdb_lookup.html#/?sstr=2008014,False
2008034,8034 Akka (1992 LR),18.02,False,0.6615382752,1.4792445531,1.07039141415,0.09549150280926237,S-like,3000,454762669167.57623,5084401209798.961,15705.833101031254,175596.5522982672,1.830660741868551,0.4090551925879929,2.023275148788538,904.7117469151318,1940-Aug-14 02:25,7.8192222283,23369938.338990152,Earth,https://ssd.jpl.nasa.gov/tools/sbdb_lookup.html#/?sstr=2008034,False
2008035,8035 (1992 TB),17.12,False,1.0012786977,2.2389272325,1.6201029651,0.09549150281118048,S-like,3000,1576829756105.2947,17629492618459.688,54457.91103183917,608857.9549157326,1.342023877558355,0.4623805141646765,28.30509461474807,567.8567484083233,1923-Sep-22 21:51,21.0998062431,6194871.104048146,Venus,https://ssd.jpl.nasa.gov/tools/sbdb_lookup.html#/?sstr=2008035,False
2008037,8037 (1993 HO1),16.63,False,1.2547435637,2.8056919027,2.0302177331999998,0.0954915028122613,S-like,3000,3103021658392.828,34692836816745.523,107166.9764908613,1198163.2218020384,1.986468891333862,0.417675888369503,5.907447023363328,1022.636004911964,1942-Nov-12 03:11,10.7474151581,11612268.045426086,Mars,https://ssd.jpl.nasa.gov/tools/sbdb_lookup.html#/?sstr=2008037,False
2008176,8176 (1991 WA),17.01,False,1.0533070151,2.3552660868,1.70428655095,0.09549150281153415,S-like,3000,1835628563283.3335,20522951241023.24,63395.871748193524,708787.3934818016,1.57508597989068,0.643183314931055,39.58754464237985,722.0293065327871,1916-Jun-12 19:39,28.642095618,6453389.507699002,Venus,https://ssd.jpl.nasa.gov/tools/sbdb_lookup.html#/?sstr=2008176,False
2008201,8201 (1994 AH2),15.94,False,1.7240703244,3.8551384433,2.78960438385,0.09549150281099879,S-like,3000,8049794746402.113,89999441285981.28,278010.3587129793,3108250.3025392676,2.539605739467326,0.7061394219930945,9.540318392010809,1478.249962737227,1904-Jan-26 01:56,15.6511727908,11059359.344394518,Venus,https://ssd.jpl.nasa.gov/tools/sbdb_lookup.html#/?sstr=2008201,False
2008507,8507 (1991 CB1),17.21,False,0.9606274149,2.1480282008,1.55432780785,0.09549150280967855,S-like,3000,1392466664012.2705,15568250586401.846,48090.6866514754,537670.222212014,1.687334635875785,0.5947797832109042,14.60088296291269,800.5717462007616,1908-Aug-09 17:19,18.9174153966,20976082.99199106,Venus,https://ssd.jpl.nasa.gov/tools/sbdb_lookup.html#/?sstr=2008507,False
2008566,8566 (1996 EN),16.47,True,1.3506877983,3.0202297334,2.18545876585,0.09549150281525147,S-like,3000,3870658060596.9214,43275272706692.78,133678.31973141854,1494569.0502191938,1.506278966708434,0.4303702364471029,37.98244836855392,675.2374863781458,1911-Sep-08 13:52,23.2381012084,3837113.752999631,Earth,https://ssd.jpl.nasa.gov/tools/sbdb_lookup.html#/?sstr=2008566,False
2008567,8567 (1996 HW1),15.36,False,2.2519304668,5.0354696043,3.64370003555,0.09549150281308645,S-like,3000,17938445556737.09,200557918369634.72,619528.0551980184,6926534.226675959,2.045673536891938,0.4490938606535017,8.448964446973603,1068.692883822756,1967-Sep-16 23:31,6.2721083904,18277980.89746908,Earth,https://ssd.jpl.nasa.gov/tools/sbdb_lookup.html#/?sstr=2008567,False
2008709,8709 Kadlu (1994 JF1),17.07,False,1.0246014747,2.2910785472,1.6578400109500002,0.09549150281234424,S-like,3000,1689603524856.634,18890341681140.2,58352.702997558226,652403.0528022846,2.521266798124652,0.4944975213639414,3.537369896840777,1462.266848203751,1901-Jun-22 20:39,3.6980979694,40912108.90337231,Earth,https://ssd.jpl.nasa.gov/tools/sbdb_lookup.html#/?sstr=2008709,False
2009058,9058 (1992 JB),17.81,False,0.7287104149,1.6294460236,1.17907821925,0.0954915028144214,S-like,3000,607833744704.5115,6795787860531.419,20992.346106549216,234701.56449493067,1.557292307509752,0.3597180320874244,16.08784732626534,709.8288299229727,1924-Apr-20 16:56,11.4224768815,14499313.970133573,Earth,https://ssd.jpl.nasa.gov/tools/sbdb_lookup.html#/?sstr=2009058,False
2009162,9162 Kwiila (1987 OA),18.01,False,0.6645917971,1.4860724357,1.0753321164,0.09549150281521401,S-like,3000,461089047994.8888,5155132275981.615,15924.3230007795,178039.34366141094,1.496685991023849,0.5954790896084459,9.009822301767123,668.7972326267004,1901-Aug-10 22:32,20.5010944504,19593715.003102373,Earth,https://ssd.jpl.nasa.gov/tools/sbdb_lookup.html#/?sstr=2009162,False
2009172,9172 Abhramu (1989 OB),16.64,False,1.2489785407,2.7928009194,2.02088973005,0.0954915028104103,S-like,3000,3060446605186.7266,34216833251924.137,105696.59045159703,1181723.8061431735,2.70999392261134,0.5528095600359658,7.842144235892646,1629.487008424505,1918-Sep-04 13:38,5.3696711979,71663715.11003578,Earth,https://ssd.jpl.nasa.gov/tools/sbdb_lookup.html#/?sstr=2009172,False
2009202,9202 (1993 PB),16.1,False,1.6016033798,3.5812940302,2.591448705,0.09549150281178011,S-like,3000,6453343862814.306,72150577795584.97,222874.80596956672,2491816.083045418,1.423834387510913,0.6077865048893332,40.80176042734745,620.5655222900091,1928-Jul-21 17:51,32.8900006323,16633120.796547871,Venus,https://ssd.jpl.nasa.gov/tools/sbdb_lookup.html#/?sstr=2009202,False
2009400,9400 (1994 TW1),14.84,False,2.8612445378,6.3979372868,4.6295909123,0.09549150281379902,S-like,3000,36794661071115.84,411376816826040.1,1270752.5154818927,14207445.036176577,2.588102074447929,0.5807035686807055,35.98468516935428,1520.794482275213,1932-Apr-26 06:13,19.8896822473,13046609.580626557,Mars,https://ssd.jpl.nasa.gov/tools/sbdb_lookup.html#/?sstr=2009400,False
2009856,9856 (1991 EE),17.11,True,1.0059003902,2.249261651,1.6275810206,0.09549150281309433,S-like,3000,1598765643184.5974,17874743289334.19,55215.49604210668,617328.0127411068,2.242852081989253,0.6257509347195483,9.82869097147335,1226.872340506097,1900-Aug-28 09:00,14.0445460716,9138959.698892362,Earth,https://ssd.jpl.nasa.gov/tools/sbdb_lookup.html#/?sstr=2009856,False
2009950,9950 ESA (1990 VB),16.21,False,1.5224918504,3.4043952726,2.4634435615,0.09549150281080049,S-like,3000,5543509637365.549,61978321910793.82,191452.4719405645,2140503.7084392225,2.438597105295093,0.5329201407438402,14.59304252411076,1390.940356285564,1971-Aug-20 17:29,12.3451312496,66953853.38233073,Earth,https://ssd.jpl.nasa.gov/tools/sbdb_lookup.html#/?sstr=2009950,False
2010115,10115 (1992 SK),17.1,True,1.0105434154,2.2596437711,1.63509359325,0.09549150281334935,S-like,3000,1621006688546.7993,18123405739084.496,55983.62009919037,625915.9008837738,1.248597884038499,0.324881145801566,15.31793189768404,509.6034022285731,1928-Jul-27 04:13,8.7023098998,7517055.795036902,Mars,https://ssd.jpl.nasa.gov/tools/sbdb_lookup.html#/?sstr=2010115,False
2010145,10145 (1994 CK1),17.0,False,1.0581688593,2.3661375011,1.7121531802,0.09549150281638366,S-like,3000,1861164699871.8623,20808453932021.082,64277.79615953253,718647.6083119136,1.899897906822803,0.6326472812464374,4.546399665801354,956.5194892486961,1904-May-01 14:57,11.0138562074,11150117.529763987,Venus,https://ssd.jpl.nasa.gov/tools/sbdb_lookup.html#/?sstr=2010145,False
2010150,10150 (1994 PN),15.45,False,2.160503512,4.8310327184,3.4957681152,0.09549150281097213,S-like,3000,15841080716393.543,177108666588092.66,547092.7733075686,6116683.155348802,2.37382377422663,0.544278840948145,45.96407807695635,1335.891355184037,,,,,https://ssd.jpl.nasa.gov/tools/sbdb_lookup.html#/?sstr=2010150,False
2010165,10165 (1995 BL2),17.36,False,0.8965096664,2.0046565566,1.4505831115,0.09549150281288736,S-like,3000,1131839397178.734,12654349159352.291,39089.57765112979,437034.7642271525,1.234597428506735,0.5038529009841233,23.90097391792732,501.0562444842283,1914-Sep-12 00:39,21.6037325423,17620265.409734424,Venus,https://ssd.jpl.nasa.gov/tools/sbdb_lookup.html#/?sstr=2010165,False
2010302,10302 (1989 ML),19.45,False,0.3424167308,0.7656670868,0.5540419087999999,0.09549150281797321,S-like,3000,63064478199.87262,705082301372.9531,2178.015559245123,24350.954241967433,1.272757056993337,0.1369000076743808,4.379103357273463,524.4652251802411,1900-Jul-04 10:09,2.5103122469,12793665.328249983,Earth,https://ssd.jpl.nasa.gov/tools/sbdb_lookup.html#/?sstr=2010302,False
2010563,10563 Izhdubar (1993 WD),16.94,False,1.0878148336,2.4324279148,1.7601213742,0.09549150280929512,S-like,3000,2022017020101.0325,22606837541302.473,69833.04479077419,780757.1760798774,1.006789415149551,0.266188441258999,63.46533578714227,368.9830261316715,1900-May-06 05:14,34.9288562095,44011497.36583051,Earth,https://ssd.jpl.nasa.gov/tools/sbdb_lookup.html#/?sstr=2010563,False
2010636,10636 (1998 QK56),17.7,False,0.7665755735,1.7141150923,1.2403453329,0.09549150281540346,S-like,3000,707595083674.0149,7911153539072.609,24437.736517900372,273222.2003814512,1.884665236383717,0.512823669254268,13.57493270043959,945.0390549130842,1911-Feb-17 17:20,11.6108281251,18147211.32562856,Earth,https://ssd.jpl.nasa.gov/tools/sbdb_lookup.html#/?sstr=2010636,False
2010860,10860 (1995 LE),17.02,False,1.0484675089,2.3444446221,1.6964560655,0.09549150281547214,S-like,3000,1810442794868.8113,20241365793499.977,62526.04776733825,699062.4658605991,2.577425741776604,0.5751553321531346,4.144778811046039,1511.393915019847,1916-Oct-27 09:40,9.375190993,11188312.79809324,Mars,https://ssd.jpl.nasa.gov/tools/sbdb_lookup.html#/?sstr=2010860,False
2011054,11054 (1991 FA),17.07,False,1.0246014747,2.2910785472,1.6578400109500002,0.09549150281234424,S-like,3000,1689603524856.634,18890341681140.2,58352.702997558226,652403.0528022846,1.979382794271163,0.4465039415676925,3.077726871398259,1017.168993739707,1937-Nov-26 02:07,4.4935722871,20153895.432197835,Earth,https://ssd.jpl.nasa.gov/tools/sbdb_lookup.html#/?sstr=2011054,False
2011066,11066 Sigurd (1992 CC1),15.17,False,2.4578477463,5.4959146391,3.9768811927000005,0.09549150281400079,S-like,3000,23323021188840.598,260759304098640.47,805491.530063926,9005669.082756585,1.391625582923919,0.3753616334600849,36.87645883082811,599.62817750578,1917-Sep-16 17:31,22.0499427692,21553474.38675386,Earth,https://ssd.jpl.nasa.gov/tools/sbdb_lookup.html#/?sstr=2011066,False
2011284,11284 Belenus (1990 BA),18.25,False,0.5950520786,1.330576898,0.9628144882999999,0.09549150281292006,S-like,3000,330967086424.1099,3700324518613.166,11430.388142515269,127795.62450755318,1.740138998566694,0.3373665208046583,1.991801452024779,838.4445326986661,1914-Sep-05 04:04,9.0512730321,14302316.553576404,Mars,https://ssd.jpl.nasa.gov/tools/sbdb_lookup.html#/?sstr=2011284,False
2011311,11311 Peleus (1993 XN2),15.74,False,1.8904055193,4.2270752462,3.05874038275,0.0954915028114337,S-like,3000,10611696168068.246,118642369942244.45,366489.02874901093,4097471.9064661385,2.11643669991874,0.5358052057844437,25.49414779758169,1124.621423974264,1919-Nov-12 20:54,15.8031323139,19119177.783804275,Earth,https://ssd.jpl.nasa.gov/tools/sbdb_lookup.html#/?sstr=2011311,False
2011398,11398 (1998 YP11),16.38,False,1.4078454339,3.1480380919,2.2779417629000003,0.09549150281238698,S-like,3000,4383134594369.4097,49004934532423.66,151377.37784091293,1692450.5353573659,1.720997623692887,0.389092397962938,15.02092244607261,824.6484231345844,1929-Mar-16 20:31,10.1063996832,29870182.40820591,Earth,https://ssd.jpl.nasa.gov/tools/sbdb_lookup.html#/?sstr=2011398,False
2011405,11405 (1999 CV3),15.22,False,2.4019003012,5.3708123486,3.8863563249000004,0.09549150281034344,S-like,3000,21766309834057.203,243354742033157.5,751728.4347565166,8404579.403391792,1.459552828260833,0.3938234382151904,22.86469842556772,644.0627100598194,1909-Aug-03 01:07,15.7068125774,18442573.96428491,Earth,https://ssd.jpl.nasa.gov/tools/sbdb_lookup.html#/?sstr=2011405,False
2011500,11500 Tomaiyowit (1989 UR),18.36,True,0.5656593584,1.2648527775,0.91525606795,0.09549150281911745,S-like,3000,284305202423.17426,3178628794940.741,9818.857970876836,109778.16942374213,1.079857840634895,0.3558434139111002,10.31072554484955,409.8720517895875,1906-Nov-28 13:38,9.5044631975,13961667.258759191,Earth,https://ssd.jpl.nasa.gov/tools/sbdb_lookup.html#/?sstr=2011500,False
2011885,11885 Summanus (1990 SS),18.52,False,0.5254785303,1.1750057146,0.85024212245,0.09549150281281082,S-like,3000,227921244062.19,2548236977059.055,7871.5630418227665,88006.7502832298,1.703308143831226,0.4745418828337281,19.43141487465761,811.9667797316491,1900-Feb-20 09:07,10.7171509363,39801430.03428757,Earth,https://ssd.jpl.nasa.gov/tools/sbdb_lookup.html#/?sstr=2011885,False
2012538,12538 (1998 OH),15.96,True,1.7082639526,3.8197943216,2.7640291371,0.09549150281317415,S-like,3000,7830415490751.063,87546706652016.42,270433.80459214357,3023541.852585175,1.541572416450879,0.4059016049682859,24.53563611387415,699.1080825191683,1910-Apr-24 00:34,14.8273733858,16101185.043699889,Earth,https://ssd.jpl.nasa.gov/tools/sbdb_lookup.html#/?sstr=2012538,False
2012711,12711 Tukmit (1991 BB),16.04,False,1.6464743776,3.6816286314,2.6640515045,0.09549150281169026,S-like,3000,7011078130971.396,78386236474070.48,242136.90007776453,2707172.841898467,1.186340905536473,0.2720510547751135,38.49103769164112,471.968142260562,1907-Jan-24 15:19,19.2482734242,57617397.22334667,Earth,https://ssd.jpl.nasa.gov/tools/sbdb_lookup.html#/?sstr=2012711,False
2012923,12923 Zephyr (1999 GK4),15.8,True,1.8388867207,4.1118757104,2.9753812155499997,0.0954915028130098,S-like,3000,9767531193286.316,109204318602141.86,337334.669557809,3771516.2614745456,1.962225213384132,0.4927419786620389,5.309531583473192,1003.972239895365,2032-Sep-22 21:13,13.7914172391,27827973.86391964,Earth,https://ssd.jpl.nasa.gov/tools/sbdb_lookup.html#/?sstr=2012923,False
2013553,13553 Masaakikoyama (1992 JE),16.54,False,1.3078410858,2.9244215717,2.11613132875,0.09549150281476337,S-like,3000,3513862852579.386,39286181013282.086,121355.9230874095,1356800.467595426,2.190007576119993,0.4635501746371543,5.874660484431504,1183.768700319658,1911-Aug-09 07:30,10.618377053,61229102.14175575,Earth,https://ssd.jpl.nasa.gov/tools/sbdb_lookup.html#/?sstr=2013553,False
2013651,13651 (1997 BR),17.89,True,0.7023522477,1.57050737,1.13642980885,0.09549150281207135,S-like,3000,544232918325.867,6084709004767.631,18795.807050212185,210143.5112784232,1.335516744769456,0.305719614413037,17.25106682609745,563.7316692699279,1906-Jul-31 10:12,14.3850583821,21090469.248380028,Earth,https://ssd.jpl.nasa.gov/tools/sbdb_lookup.html#/?sstr=2013651,False
2014402,14402 (1991 DB),18.77,False,0.4683332331,1.0472249454,0.75777908925,0.09549150281895757,S-like,3000,161355883906.4319,1804013625263.568,5572.639872007507,62304.00785147839,1.71484025164182,0.4016937463833632,11.41110498197266,820.2267528243632,1973-Mar-30 22:18,7.0166551516,23320076.63588959,Earth,https://ssd.jpl.nasa.gov/tools/sbdb_lookup.html#/?sstr=2014402,False
2014827,14827 Hypnos (1986 JK),18.81,True,0.4597851883,1.028110936,0.74394806215,0.09549150281504151,S-like,3000,152680933613.25372,1707024731706.7717,5273.038935734981,58954.36752667985,2.850739556968743,0.6642732186549486,1.965344936206689,1758.064238906256,1919-Jul-01 17:47,7.1107542843,141189149.83391255,Juptr,https://ssd.jpl.nasa.gov/tools/sbdb_lookup.html#/?sstr=2014827,False
2015745,15745 Yuliya (1991 PM5),17.41,False,0.876102615,1.9590250023,1.41756380865,0.09549150281257646,S-like,3000,1056293985399.4064,11809725775981.367,36480.51646515636,407864.5732861634,1.719525885400108,0.255416361932022,14.42969323860948,823.59083263839,2063-Oct-20 00:13,9.4293968999,12880962.716494873,Mars,https://ssd.jpl.nasa.gov/tools/sbdb_lookup.html#/?sstr=2015745,False
2015817,15817 Lucianotesi (1994 QC),18.47,False,0.5377184977,1.2023751136,0.87004680565,0.09549150281171315,S-like,3000,244222013154.56348,2730485114966.4546,8434.531764061765,94300.93191028983,1.324503349266223,0.1180632392453789,13.87269792503164,556.7728097070612,1901-Aug-11 06:21,7.1220113985,37532547.89517862,Earth,https://ssd.jpl.nasa.gov/tools/sbdb_lookup.html#/?sstr=2015817,False
2016064,16064 Davidharvey (1999 RH27),16.86,False,1.128638801,2.523713081,1.8261759409999998,0.09549150281150719,S-like,3000,2258316496087.5293,25248745997407.45,77993.9612056998,871998.9953693539,2.850579634386043,0.5892781355277694,4.538174581944945,1757.91630348903,1900-Aug-18 17:01,7.485612894,282807827.28621763,Juptr,https://ssd.jpl.nasa.gov/tools/sbdb_lookup.html#/?sstr=2016064,False
2016636,16636 (1993 QP),18.78,False,0.4661814374,1.0424133839,0.75429741065,0.09549150280507143,S-like,3000,159141998230.43118,1779261630720.1829,5496.180388216373,61449.164827692744,2.311044355298907,0.4678524830169128,7.20738583219889,1283.248744910086,1972-Sep-24 09:14,3.7117652555,73207578.51744515,Earth,https://ssd.jpl.nasa.gov/tools/sbdb_lookup.html#/?sstr=2016636,False
2016657,16657 (1993 UB),16.55,False,1.3018321019,2.9109850751,2.1064085885,0.09549150281159306,S-like,3000,3465650847298.017,38747154402599.945,119690.85741743869,1338184.4672982055,2.276713831883133,0.4606673345001288,24.94465811130447,1254.761243535494,,,,,https://ssd.jpl.nasa.gov/tools/sbdb_lookup.html#/?sstr=2016657,False
2016816,16816 (1997 UF9),16.23,False,1.5085335612,3.3731835891,2.44085857515,0.09549150281272614,S-like,3000,5392433609564.964,60289240571256.62,186234.86055978425,2082169.0398055883,1.442536216577345,0.6037214075902867,25.91744315672038,632.8321213864306,1906-Jul-19 12:24,22.158417867,20930775.377168614,Venus,https://ssd.jpl.nasa.gov/tools/sbdb_lookup.html#/?sstr=2016816,False
2016834,16834 (1997 WU22),15.75,False,1.8817198949,4.2076535996,3.04468674725,0.09549150281213842,S-like,3000,10466098238276.217,117014535599034.44,361460.6107626466,4041252.4842400756,1.467903586452856,0.4421589929989819,15.99740569074743,649.5980674714957,1913-Jun-02 10:48,13.3443188862,28767353.762148358,Earth,https://ssd.jpl.nasa.gov/tools/sbdb_lookup.html#/?sstr=2016834,False
2016912,16912 Rhiannon (1998 EP8),17.91,False,0.6959130436,1.5561088719,1.12601095775,0.09549150280986007,S-like,3000,529401060416.001,5918883792043.582,18283.56912765587,204416.51719653382,1.751238698943939,0.2726845884250724,24.52114774344463,846.4795011814934,1911-Jul-25 12:32,13.1915083092,8365932.617143859,Mars,https://ssd.jpl.nasa.gov/tools/sbdb_lookup.html#/?sstr=2016912,False
2016960,16960 (1998 QS52),14.32,True,3.6354232184,8.1290534434,5.8822383309,0.09549150281305777,S-like,3000,75471817171898.86,843800567932842.2,2606519.498408075,29141773.916418668,2.200438058810112,0.8590716200141241,17.51813476737665,1192.235773133378,1902-Oct-08 20:46,8.179923493,248012802.90291208,Juptr,https://ssd.jpl.nasa.gov/tools/sbdb_lookup.html#/?sstr=2016960,False
2017181,17181 (1999 UM3),16.77,False,1.1763998937,2.6305101311,1.9034550123999998,0.09549150281582332,S-like,3000,2557318420001.7246,28591689138244.28,88320.38998332917,987451.9790813333,2.370371785038864,0.67402880701144,10.65319789750887,1332.978456384131,1903-Jan-29 21:04,5.4916446474,168438513.58906168,Juptr,https://ssd.jpl.nasa.gov/tools/sbdb_lookup.html#/?sstr=2017181,False
2017182,17182 (1999 VU),17.14,False,0.9920989194,2.2184006242,1.6052497718,0.09549150281553184,S-like,3000,1533856767519.2742,17149040000012.14,52973.78176542426,592264.885277666,1.387017420687302,0.55338173540548,9.26551801387745,596.65227447758,1901-Dec-30 10:35,13.3459340621,29112443.091827597,Earth,https://ssd.jpl.nasa.gov/tools/sbdb_lookup.html#/?sstr=2017182,False
2017188,17188 (1999 WC2),16.4,False,1.3949382293,3.1191767052,2.25705746725,0.09549150281548954,S-like,3000,4263682007384.275,47669414018071.555,147251.92401219593,1646326.559658542,2.216312938094289,0.6366567480113464,29.45375618430178,1205.160945507918,1914-Jun-10 06:53,18.8317113876,25910753.9660237,Earth,https://ssd.jpl.nasa.gov/tools/sbdb_lookup.html#/?sstr=2017188,False
2017274,17274 (2000 LC16),16.87,False,1.1234531767,2.5121176727,1.8177854247,0.09549150281239195,S-like,3000,2227331231865.0327,24902320216098.438,76923.84393032915,860034.7206563634,2.730814901802438,0.5541325860006496,5.572764430857813,1648.302142018893,1908-Mar-03 10:01,4.166052576,211728115.2283267,Juptr,https://ssd.jpl.nasa.gov/tools/sbdb_lookup.html#/?sstr=2017274,False
2017511,17511 (1992 QN),17.32,False,0.9131770255,2.0419259045,1.4775514650000001,0.09549150281684843,S-like,3000,1196147692547.2437,13373337758147.787,41310.550089167475,461865.9909302952,1.189688648502075,0.3586724529751767,9.579899215685666,473.9673258467774,1918-Jan-13 02:47,15.0897572121,29732068.46357582,Earth,https://ssd.jpl.nasa.gov/tools/sbdb_lookup.html#/?sstr=2017511,False
2018106,18106 Blume (2000 NX3),17.78,False,0.7388477866,1.6521138758,1.1954808312,0.09549150280990087,S-like,3000,633555706350.9166,7083368133859.22,21880.68823319968,244633.5313916485,2.442806761965318,0.5119922232443467,4.220492163666048,1394.543600701896,1904-Aug-28 20:39,4.9980975259,33074858.285403937,Earth,https://ssd.jpl.nasa.gov/tools/sbdb_lookup.html#/?sstr=2018106,False
2018109,18109 (2000 NG11),17.19,False,0.9695159909,2.167903661,1.56870982595,0.09549150281355719,S-like,3000,1431478425059.7427,16004415335440.309,49438.009660882606,552733.751427133,1.881091376588009,0.3676360598456879,0.8074438899958526,942.3522365586783,1920-Oct-06 02:11,2.1521333738,28809322.965863675,Earth,https://ssd.jpl.nasa.gov/tools/sbdb_lookup.html#/?sstr=2018109,False
2018172,18172 (2000 QL7),15.69,False,1.9344387205,4.3255364773,3.1299875989,0.09549150280986121,S-like,3000,11370637305955.652,127127589814028.78,392700.06948149897,4390520.250508403,2.425765433258471,0.5110299399836975,17.82778596122258,1379.976312006912,1913-Nov-01 06:05,5.5925507559,72586693.65130982,Earth,https://ssd.jpl.nasa.gov/tools/sbdb_lookup.html#/?sstr=2018172,False
2018736,18736 (1998 NU),15.98,False,1.6926024946,3.7847742368,2.7386883657,0.09549150280990155,S-like,3000,7617014930392.598,85160815849179.19,263063.73265815736,2941141.9431659635,2.349695948143033,0.4911399912702393,2.806157547598199,1315.575959935533,1921-Jun-08 22:20,12.1568127187,6552328.751785162,Mars,https://ssd.jpl.nasa.gov/tools/sbdb_lookup.html#/?sstr=2018736,False
